Screaming Circuits SMD component position file.
Created by Centroid_ScreamingCircuits_smd.ulp 1.2.0.

Centroid Data for pc board: "Motor Module V1_3.brd" as of: 8/6/2015 4:27:56 PM
Measurements are in inches. Comma delimited
Only surface mount components included

RefDes,Layer,LocationX,LocationY,Rotation
C2,Top,1.762,2.046,270
C3,Top,1.952,0.856,180
C4,Top,1.783,1.462,0
C5,Top,1.901,0.443,270
C6,Top,2.379,0.696,90
C7,Top,1.817,0.441,270
C8,Top,2.441,0.701,90
D1,Top,1.866,0.309,270
FID2,Top,2.446,0.089,0
FID3,Top,1.659,2.018,0
FID4,Top,1.659,0.089,0
IC2,Top,2.441,1.678,180
IC3,Top,2.318,0.411,180
IC4,Top,1.886,1.109,90
JP1,Top,2.052,0.124,0
LED1,Top,2.066,0.674,180
LED2,Top,0.884,0.634,90
R1,Top,2.067,0.385,180
R2,Top,2.067,0.305,180
R3,Top,0.910,0.337,180
R5,Top,2.056,0.480,180
X1,Top,1.181,0.644,90
