Screaming Circuits SMD component position file.

Centroid Data for pc board: "Charging v0.1.brd" as of: 10/18/2016 7:51 PM
Measurements are in inches. Comma delimited
Only surface mount components included

RefDes,Layer,LocationX,LocationY,Rotation
C1,Top,2.600,0.867,180
C2,Top,0.178,0.620,90
C3,Top,2.331,1.012,180
C9,Top,9.343,0.250,90
C10,Top,5.846,0.787,270
C11,Top,4.094,0.787,270
C12,Top,7.638,0.787,270
D1,Top,1.696,0.974,180
D2,Top,0.746,0.766,90
D3,Top,1.289,0.169,180
D4,Top,1.279,1.046,0
D5,Top,1.874,0.426,90
D6,Top,1.877,0.766,90
D7,Top,1.668,0.288,135
D8,Top,0.746,0.427,90
D9,Top,1.179,0.746,138
D10,Top,0.926,0.257,180
D11,Top,1.414,0.530,135
D12,Top,0.968,0.938,315
IC1,Top,2.639,0.721,90
J1,Top,8.495,0.591,90
J2,Top,6.724,0.591,90
J3,Top,4.952,0.591,90
J4,Top,3.180,0.591,90
J5,Top,9.409,0.577,270
L1,Top,2.320,0.682,270
R1,Top,1.707,0.588,90
