Screaming Circuits SMD component position file.
Created by Centroid_ScreamingCircuits_smd.ulp 1.2.0.

Centroid Data for pc board: "Glove Module- V1_2.brd" as of: 8/6/2015 4:29:46 PM
Measurements are in inches. Comma delimited
Only surface mount components included

RefDes,Layer,LocationX,LocationY,Rotation
C1,Top,0.196,0.557,180
C2,Top,0.534,0.878,180
C3,Top,1.211,1.032,0
C4,Top,2.592,0.579,0
C5,Top,1.825,0.666,90
C6,Top,0.557,0.978,0
C8,Top,0.420,0.158,270
C9,Top,0.846,0.259,90
C10,Top,1.824,0.789,270
C11,Top,1.436,0.366,270
C13,Top,1.661,0.896,0
C14,Top,1.522,0.366,270
D1,Top,0.545,1.209,0
D2,Top,0.212,0.789,0
FG1,Bottom,1.775,1.750,0
FG2,Bottom,1.350,1.325,270
FG3,Bottom,1.300,0.776,270
FI1,Bottom,1.349,1.175,270
FI2,Bottom,1.350,1.250,270
FID1,Top,0.753,1.122,270
FID2,Top,0.360,0.220,270
FID3,Top,2.650,0.450,0
FID4,Top,1.400,0.550,270
FID5,Top,0.452,1.045,0
FID6,Top,1.649,1.951,0
FID7,Top,1.250,0.100,0
FID8,Top,1.850,1.200,0
FM1,Bottom,1.575,1.750,0
FM2,Bottom,1.675,1.750,0
FT1,Bottom,1.300,0.570,270
FT2,Bottom,1.300,0.665,270
IC1,Top,0.560,1.122,90
IC2,Top,0.500,0.623,180
IC3,Top,1.823,1.642,250
IC4,Top,2.132,1.017,270
IC5,Top,1.555,0.685,0
JP3,Top,0.200,0.268,270
R1,Top,0.558,1.041,180
R2,Top,0.450,0.358,270
R3,Top,0.370,0.359,270
R4,Top,0.186,0.719,0
R6,Top,2.582,0.676,180
R7,Top,1.822,0.928,90
R8,Top,1.521,0.996,90
R9,Top,1.657,0.958,0
R10,Top,1.822,1.069,90
U1,Top,0.654,0.249,90
X1,Top,0.812,0.706,90
